catalog_version,catalog_entry_no,major_category_text,industry_category_text,gb_code_fragments,condition_code_fragments,key_management_condition,simplified_management_condition,registration_management_condition,source_pdf,source_page,source_row_index,table_bbox,row_cells_bbox,extraction_method,extraction_confidence,audit_status,notes
2019,1,一、畜牧业03,牲畜饲养031，家禽饲养032,031;032,,"设有污水排放口的规模化畜禽养殖
场、养殖小区（具体规模化标准按《畜
禽规模养殖污染防治条例》执行）",/,"无污水排放口的规模化畜禽养殖场、养
殖小区，设有污水排放口的规模以下畜
禽养殖场、养殖小区",固定污染源排污许可分类管理名录(2019年版).pdf,4,2,"[46.56, 85.29, 794.78, 477.32]","[[46.55999946594238, 337.19000244140625, 794.7766723632812, 360.3900146484375], [46.55999946594238, 360.3900146484375, 80.0, 388.1400146484375], [46.55999946594238, 388.1400146484375, 794.7766723632812, 408.489990234375], [46.55999946594238, 408.489990234375, 80.0, 436.239990234375], [46.55999946594238, 436.239990234375, 794.7766723632812, 456.5899963378906]]",pymupdf_find_tables,HIGH,RAW_CONDITION_EXTRACTED_NOT_RUNTIME,
2019,2,一、畜牧业03,其他畜牧业039,039,,/,/,设有污水排放口的养殖场、养殖小区,固定污染源排污许可分类管理名录(2019年版).pdf,4,3,"[46.56, 85.29, 794.78, 477.32]","[[46.55999946594238, 456.5899963378906, 80.0, 477.3199920654297], [80.0, 85.29000091552734, 264.20001220703125, 106.13999938964844], [80.0, 126.48999786376953, 264.20001220703125, 171.44000244140625], [80.0, 171.44000244140625, 264.20001220703125, 191.7899932861328], [80.0, 214.99000549316406, 264.20001220703125, 242.74000549316406]]",pymupdf_find_tables,HIGH,RAW_CONDITION_EXTRACTED_NOT_RUNTIME,
2019,3,二、煤炭开采和洗选业06,"烟煤和无烟煤开采洗选061，褐煤开采
洗选062，其他煤炭洗选069",061;062;069,,涉及通用工序重点管理的,涉及通用工序简化管理的,其他,固定污染源排污许可分类管理名录(2019年版).pdf,4,5,"[46.56, 85.29, 794.78, 477.32]","[[264.20001220703125, 85.29000091552734, 441.25, 106.13999938964844], [264.20001220703125, 126.48999786376953, 441.25, 171.44000244140625], [264.20001220703125, 171.44000244140625, 441.25, 191.7899932861328], [264.20001220703125, 214.99000549316406, 441.25, 242.74000549316406], [264.20001220703125, 265.94000244140625, 441.25, 286.2900085449219]]",pymupdf_find_tables,HIGH,RAW_CONDITION_EXTRACTED_NOT_RUNTIME,references_general_process_109_112;registration_else_condition
2019,4,三、石油和天然气开采业07,石油开采071，天然气开采072,071;072,,涉及通用工序重点管理的,涉及通用工序简化管理的,其他,固定污染源排污许可分类管理名录(2019年版).pdf,4,7,"[46.56, 85.29, 794.78, 477.32]","[[441.25, 126.48999786376953, 618.1500244140625, 171.44000244140625], [441.25, 171.44000244140625, 618.1500244140625, 191.7899932861328], [441.25, 214.99000549316406, 618.1500244140625, 242.74000549316406], [441.25, 265.94000244140625, 618.1500244140625, 286.2900085449219], [441.25, 309.489990234375, 618.1500244140625, 337.19000244140625]]",pymupdf_find_tables,HIGH,RAW_CONDITION_EXTRACTED_NOT_RUNTIME,references_general_process_109_112;registration_else_condition
2019,5,四、黑色金属矿采选业08,"铁矿采选081，锰矿、铬矿采选082，
其他黑色金属矿采选089",081;082;089,,涉及通用工序重点管理的,涉及通用工序简化管理的,其他,固定污染源排污许可分类管理名录(2019年版).pdf,4,9,"[46.56, 85.29, 794.78, 477.32]","[[618.1500244140625, 171.44000244140625, 794.7766723632812, 191.7899932861328], [618.1500244140625, 214.99000549316406, 794.7766723632812, 242.74000549316406], [618.1500244140625, 265.94000244140625, 794.7766723632812, 286.2900085449219], [618.1500244140625, 309.489990234375, 794.7766723632812, 337.19000244140625], [618.1500244140625, 360.3900146484375, 794.7766723632812, 388.1400146484375]]",pymupdf_find_tables,HIGH,RAW_CONDITION_EXTRACTED_NOT_RUNTIME,references_general_process_109_112;registration_else_condition
2019,6,五、有色金属矿采选业09,"常用有色金属矿采选091，贵金属矿采
选092，稀有稀土金属矿采选093",091;092;093,,涉及通用工序重点管理的,涉及通用工序简化管理的,其他,固定污染源排污许可分类管理名录(2019年版).pdf,4,11,"[46.56, 85.29, 794.78, 477.32]",[],pymupdf_find_tables,HIGH,RAW_CONDITION_EXTRACTED_NOT_RUNTIME,references_general_process_109_112;registration_else_condition
2019,7,六、非金属矿采选业10,"土砂石开采101，化学矿开采102，采
盐103，石棉及其他非金属矿采选109",101;102;103;109,,涉及通用工序重点管理的,涉及通用工序简化管理的,其他,固定污染源排污许可分类管理名录(2019年版).pdf,4,13,"[46.56, 85.29, 794.78, 477.32]",[],pymupdf_find_tables,HIGH,RAW_CONDITION_EXTRACTED_NOT_RUNTIME,references_general_process_109_112;registration_else_condition
2019,8,七、其他采矿业12,其他采矿业120,120,,涉及通用工序重点管理的,涉及通用工序简化管理的,其他,固定污染源排污许可分类管理名录(2019年版).pdf,4,15,"[46.56, 85.29, 794.78, 477.32]",[],pymupdf_find_tables,HIGH,RAW_CONDITION_EXTRACTED_NOT_RUNTIME,references_general_process_109_112;registration_else_condition
2019,9,八、农副食品加工业13,谷物磨制131,131,131,/,/,谷物磨制131﹡,固定污染源排污许可分类管理名录(2019年版).pdf,5,2,"[46.56, 85.29, 794.78, 484.27]","[[80.0, 85.29000091552734, 264.20001220703125, 106.13999938964844], [80.0, 129.33999633789062, 264.20001220703125, 152.5399932861328], [80.0, 152.5399932861328, 264.20001220703125, 175.74000549316406], [80.0, 175.74000549316406, 264.20001220703125, 198.94000244140625], [80.0, 198.94000244140625, 264.20001220703125, 231.2899932861328]]",pymupdf_find_tables,HIGH,RAW_CONDITION_EXTRACTED_NOT_RUNTIME,has_asterisk_footnote_industrial_building_condition
2019,10,八、农副食品加工业13,饲料加工132,132,132,/,饲料加工132（有发酵工艺的）﹡,饲料加工132（无发酵工艺的）﹡,固定污染源排污许可分类管理名录(2019年版).pdf,5,3,"[46.56, 85.29, 794.78, 484.27]","[[80.0, 231.2899932861328, 264.20001220703125, 317.44000244140625], [80.0, 317.44000244140625, 264.20001220703125, 372.3900146484375], [80.0, 372.3900146484375, 264.20001220703125, 395.5899963378906], [80.0, 395.5899963378906, 264.20001220703125, 484.27000427246094], [264.20001220703125, 85.29000091552734, 441.25, 106.13999938964844]]",pymupdf_find_tables,HIGH,RAW_CONDITION_EXTRACTED_NOT_RUNTIME,has_asterisk_footnote_industrial_building_condition
2019,11,八、农副食品加工业13,植物油加工133,133,,/,除单纯混合或者分装以外的﹡,单纯混合或者分装的﹡,固定污染源排污许可分类管理名录(2019年版).pdf,5,4,"[46.56, 85.29, 794.78, 484.27]","[[264.20001220703125, 129.33999633789062, 441.25, 152.5399932861328], [264.20001220703125, 152.5399932861328, 441.25, 175.74000549316406], [264.20001220703125, 175.74000549316406, 441.25, 198.94000244140625], [264.20001220703125, 198.94000244140625, 441.25, 231.2899932861328], [264.20001220703125, 231.2899932861328, 441.25, 317.44000244140625]]",pymupdf_find_tables,HIGH,RAW_CONDITION_EXTRACTED_NOT_RUNTIME,has_asterisk_footnote_industrial_building_condition
2019,12,八、农副食品加工业13,制糖业134,134,1000,"日加工糖料能力1000 吨及以上的原
糖、成品糖或者精制糖生产",其他﹡,/,固定污染源排污许可分类管理名录(2019年版).pdf,5,5,"[46.56, 85.29, 794.78, 484.27]","[[264.20001220703125, 317.44000244140625, 441.25, 372.3900146484375], [264.20001220703125, 372.3900146484375, 441.25, 395.5899963378906], [264.20001220703125, 395.5899963378906, 441.25, 484.27000427246094], [441.25, 85.29000091552734, 618.1500244140625, 106.13999938964844], [441.25, 129.33999633789062, 618.1500244140625, 152.5399932861328]]",pymupdf_find_tables,HIGH,RAW_CONDITION_EXTRACTED_NOT_RUNTIME,has_asterisk_footnote_industrial_building_condition
2019,13,八、农副食品加工业13,屠宰及肉类加工135,135,10;100;1000;15,"年屠宰生猪10 万头及以上的，年屠
宰肉牛1 万头及以上的，年屠宰肉羊
15 万头及以上的，年屠宰禽类1000
万只及以上的","年屠宰生猪2 万头及以上10 万头以
下的，年屠宰肉牛0.2 万头及以上1
万头以下的，年屠宰肉羊2.5 万头及
以上15 万头以下的，年屠宰禽类100
万只及以上1000 万只以下的，年加
工肉禽类2 万吨及以上的",其他﹡,固定污染源排污许可分类管理名录(2019年版).pdf,5,6,"[46.56, 85.29, 794.78, 484.27]","[[441.25, 152.5399932861328, 618.1500244140625, 175.74000549316406], [441.25, 175.74000549316406, 618.1500244140625, 198.94000244140625], [441.25, 198.94000244140625, 618.1500244140625, 231.2899932861328], [441.25, 231.2899932861328, 618.1500244140625, 317.44000244140625], [441.25, 317.44000244140625, 618.1500244140625, 372.3900146484375]]",pymupdf_find_tables,HIGH,RAW_CONDITION_EXTRACTED_NOT_RUNTIME,has_asterisk_footnote_industrial_building_condition;registration_else_condition
2019,14,八、农副食品加工业13,水产品加工136,136,10;1361;1362;1363;1369,/,"年加工10 万吨及以上的水产品冷冻
加工1361、鱼糜制品及水产品干腌制
加工1362、鱼油提取及制品制造
1363、其他水产品加工1369",其他﹡,固定污染源排污许可分类管理名录(2019年版).pdf,5,7,"[46.56, 85.29, 794.78, 484.27]","[[441.25, 372.3900146484375, 618.1500244140625, 395.5899963378906], [441.25, 395.5899963378906, 618.1500244140625, 484.27000427246094], [618.1500244140625, 85.29000091552734, 794.7766723632812, 106.13999938964844], [618.1500244140625, 129.33999633789062, 794.7766723632812, 152.5399932861328], [618.1500244140625, 152.5399932861328, 794.7766723632812, 175.74000549316406]]",pymupdf_find_tables,HIGH,RAW_CONDITION_EXTRACTED_NOT_RUNTIME,has_asterisk_footnote_industrial_building_condition;registration_else_condition
2019,15,八、农副食品加工业13,蔬菜、菌类、水果和坚果加工137,137,,涉及通用工序重点管理的,涉及通用工序简化管理的,其他﹡,固定污染源排污许可分类管理名录(2019年版).pdf,5,8,"[46.56, 85.29, 794.78, 484.27]","[[618.1500244140625, 175.74000549316406, 794.7766723632812, 198.94000244140625], [618.1500244140625, 198.94000244140625, 794.7766723632812, 231.2899932861328], [618.1500244140625, 231.2899932861328, 794.7766723632812, 317.44000244140625], [618.1500244140625, 317.44000244140625, 794.7766723632812, 372.3900146484375], [618.1500244140625, 372.3900146484375, 794.7766723632812, 395.5899963378906]]",pymupdf_find_tables,HIGH,RAW_CONDITION_EXTRACTED_NOT_RUNTIME,has_asterisk_footnote_industrial_building_condition;references_general_process_109_112;registration_else_condition
2019,16,八、农副食品加工业13,其他农副食品加工139,139,15,"年加工能力15 万吨玉米或者1.5 万
吨薯类及以上的淀粉生产或者年产1
万吨及以上的淀粉制品生产，有发酵
工艺的淀粉制品","除重点管理以外的年加工能力1.5 万
吨及以上玉米、0.1 万吨及以上薯类
或豆类、4.5 万吨及以上小麦的淀粉
生产、年产0.1 万吨及以上的淀粉制
品生产（不含有发酵工艺的淀粉制
品）",其他﹡,固定污染源排污许可分类管理名录(2019年版).pdf,5,9,"[46.56, 85.29, 794.78, 484.27]",[],pymupdf_find_tables,HIGH,RAW_CONDITION_EXTRACTED_NOT_RUNTIME,has_asterisk_footnote_industrial_building_condition;registration_else_condition
2019,17,九、食品制造业14,方便食品制造143，其他食品制造149,143;149,1431;1432;1433;1439;1495,/,"米、面制品制造1431﹡，速冻食品制
造1432﹡，方便面制造1433﹡，其
他方便食品制造1439﹡，食品及饲料
添加剂制造1495﹡，以上均不含手工
制作、单纯混合或者分装的",其他﹡,固定污染源排污许可分类管理名录(2019年版).pdf,6,2,"[46.56, 85.29, 794.78, 469.72]","[[46.55999946594238, 421.2900085449219, 794.7766723632812, 441.6400146484375], [46.55999946594238, 441.6400146484375, 80.0, 469.7200012207031], [80.0, 85.29000091552734, 264.20001220703125, 106.13999938964844], [80.0, 126.48999786376953, 264.20001220703125, 195.08999633789062], [80.0, 195.08999633789062, 264.20001220703125, 227.49000549316406]]",pymupdf_find_tables,HIGH,RAW_CONDITION_EXTRACTED_NOT_RUNTIME,has_asterisk_footnote_industrial_building_condition;registration_else_condition
2019,18,九、食品制造业14,"焙烤食品制造141，糖果、巧克力及蜜
饯制造142，罐头食品制造145",141;142;145,,涉及通用工序重点管理的,涉及通用工序简化管理的,其他﹡,固定污染源排污许可分类管理名录(2019年版).pdf,6,3,"[46.56, 85.29, 794.78, 469.72]","[[80.0, 227.49000549316406, 264.20001220703125, 261.989990234375], [80.0, 261.989990234375, 264.20001220703125, 313.239990234375], [80.0, 333.5899963378906, 264.20001220703125, 380.5899963378906], [80.0, 380.5899963378906, 264.20001220703125, 400.94000244140625], [80.0, 400.94000244140625, 264.20001220703125, 421.2900085449219]]",pymupdf_find_tables,HIGH,RAW_CONDITION_EXTRACTED_NOT_RUNTIME,has_asterisk_footnote_industrial_building_condition;references_general_process_109_112;registration_else_condition
2019,19,九、食品制造业14,乳制品制造144,144,20,"年加工20 万吨及以上的（不含单纯
混合或者分装的）","年加工20 万吨以下的（不含单纯混
合或者分装的）﹡",单纯混合或者分装的﹡,固定污染源排污许可分类管理名录(2019年版).pdf,6,4,"[46.56, 85.29, 794.78, 469.72]","[[80.0, 441.6400146484375, 264.20001220703125, 469.7200012207031], [264.20001220703125, 85.29000091552734, 441.25, 106.13999938964844], [264.20001220703125, 126.48999786376953, 441.25, 195.08999633789062], [264.20001220703125, 195.08999633789062, 441.25, 227.49000549316406], [264.20001220703125, 227.49000549316406, 441.25, 261.989990234375]]",pymupdf_find_tables,HIGH,RAW_CONDITION_EXTRACTED_NOT_RUNTIME,has_asterisk_footnote_industrial_building_condition
2019,20,九、食品制造业14,调味品、发酵制品制造146,146,,"有发酵工艺的味精、柠檬酸、赖氨酸、
酵母制造，年产2 万吨及以上且有发
酵工艺的酱油、食醋制造","除重点管理以外的调味品、发酵制品
制造（不含单纯混合或者分装的）﹡",单纯混合或者分装的﹡,固定污染源排污许可分类管理名录(2019年版).pdf,6,5,"[46.56, 85.29, 794.78, 469.72]","[[264.20001220703125, 261.989990234375, 441.25, 313.239990234375], [264.20001220703125, 333.5899963378906, 441.25, 380.5899963378906], [264.20001220703125, 380.5899963378906, 441.25, 400.94000244140625], [264.20001220703125, 400.94000244140625, 441.25, 421.2900085449219], [264.20001220703125, 441.6400146484375, 441.25, 469.7200012207031]]",pymupdf_find_tables,HIGH,RAW_CONDITION_EXTRACTED_NOT_RUNTIME,has_asterisk_footnote_industrial_building_condition
2019,21,十、酒、饮料和精制茶制造业15,酒的制造151,151,1511;5000,"酒精制造1511，有发酵工艺的年生产
能力5000 千升及以上的白酒、啤酒、
黄酒、葡萄酒、其他酒制造","有发酵工艺的年生产能力5000 千升
以下的白酒、啤酒、黄酒、葡萄酒、
其他酒制造﹡",其他﹡,固定污染源排污许可分类管理名录(2019年版).pdf,6,7,"[46.56, 85.29, 794.78, 469.72]","[[441.25, 333.5899963378906, 618.1500244140625, 380.5899963378906], [441.25, 380.5899963378906, 618.1500244140625, 400.94000244140625], [441.25, 400.94000244140625, 618.1500244140625, 421.2900085449219], [441.25, 441.6400146484375, 618.1500244140625, 469.7200012207031], [618.1500244140625, 85.29000091552734, 794.7766723632812, 106.13999938964844]]",pymupdf_find_tables,HIGH,RAW_CONDITION_EXTRACTED_NOT_RUNTIME,has_asterisk_footnote_industrial_building_condition;registration_else_condition
2019,22,十、酒、饮料和精制茶制造业15,饮料制造152,152,,/,有发酵工艺或者原汁生产的﹡,其他﹡,固定污染源排污许可分类管理名录(2019年版).pdf,6,8,"[46.56, 85.29, 794.78, 469.72]","[[618.1500244140625, 126.48999786376953, 794.7766723632812, 195.08999633789062], [618.1500244140625, 195.08999633789062, 794.7766723632812, 227.49000549316406], [618.1500244140625, 227.49000549316406, 794.7766723632812, 261.989990234375], [618.1500244140625, 261.989990234375, 794.7766723632812, 313.239990234375], [618.1500244140625, 333.5899963378906, 794.7766723632812, 380.5899963378906]]",pymupdf_find_tables,HIGH,RAW_CONDITION_EXTRACTED_NOT_RUNTIME,has_asterisk_footnote_industrial_building_condition;registration_else_condition
2019,23,十、酒、饮料和精制茶制造业15,精制茶加工153,153,,涉及通用工序重点管理的,涉及通用工序简化管理的,其他﹡,固定污染源排污许可分类管理名录(2019年版).pdf,6,9,"[46.56, 85.29, 794.78, 469.72]",[],pymupdf_find_tables,HIGH,RAW_CONDITION_EXTRACTED_NOT_RUNTIME,has_asterisk_footnote_industrial_building_condition;references_general_process_109_112;registration_else_condition
2019,24,十一、烟草制品业16,"烟叶复烤161，卷烟制造162，其他烟
草制品制造169",161;162;169,,涉及通用工序重点管理的,涉及通用工序简化管理的,其他﹡,固定污染源排污许可分类管理名录(2019年版).pdf,6,11,"[46.56, 85.29, 794.78, 469.72]",[],pymupdf_find_tables,HIGH,RAW_CONDITION_EXTRACTED_NOT_RUNTIME,has_asterisk_footnote_industrial_building_condition;references_general_process_109_112;registration_else_condition
2019,25,十二、纺织业17,"棉纺织及印染精加工171，毛纺织及染
整精加工172，麻纺织及染整精加工
173，丝绢纺织及印染精加工174，化
纤织造及印染精加工175",171;172;173;174;175,,"有前处理、染色、印花、洗毛、麻脱
胶、缫丝或者喷水织造工序的",仅含整理工序的,其他﹡,固定污染源排污许可分类管理名录(2019年版).pdf,7,2,"[46.56, 85.29, 794.78, 482.87]","[[46.55999946594238, 404.0899963378906, 80.0, 437.44000244140625], [46.55999946594238, 437.44000244140625, 80.0, 482.8699951171875], [80.0, 85.29000091552734, 264.20001220703125, 106.13999938964844], [80.0, 132.13999938964844, 264.20001220703125, 194.69000244140625], [80.0, 194.69000244140625, 264.20001220703125, 239.63999938964844]]",pymupdf_find_tables,HIGH,RAW_CONDITION_EXTRACTED_NOT_RUNTIME,has_asterisk_footnote_industrial_building_condition;registration_else_condition
2019,26,十二、纺织业17,"针织或钩针编织物及其制品制造176，
家用纺织制成品制造177，产业用纺织
制成品制造178",176;177;178,,涉及通用工序重点管理的,涉及通用工序简化管理的,其他﹡,固定污染源排污许可分类管理名录(2019年版).pdf,7,3,"[46.56, 85.29, 794.78, 482.87]","[[80.0, 265.6400146484375, 264.20001220703125, 291.6400146484375], [80.0, 291.6400146484375, 264.20001220703125, 317.6400146484375], [80.0, 343.6400146484375, 264.20001220703125, 378.0899963378906], [80.0, 378.0899963378906, 264.20001220703125, 404.0899963378906], [80.0, 404.0899963378906, 264.20001220703125, 437.44000244140625]]",pymupdf_find_tables,HIGH,RAW_CONDITION_EXTRACTED_NOT_RUNTIME,has_asterisk_footnote_industrial_building_condition;references_general_process_109_112;registration_else_condition
2019,27,十三、纺织服装、服饰业18,机织服装制造181，服饰制造183,181;183,,有水洗工序、湿法印花、染色工艺的,/,其他﹡,固定污染源排污许可分类管理名录(2019年版).pdf,7,5,"[46.56, 85.29, 794.78, 482.87]","[[264.20001220703125, 291.6400146484375, 441.25, 317.6400146484375], [264.20001220703125, 343.6400146484375, 441.25, 378.0899963378906], [264.20001220703125, 378.0899963378906, 441.25, 404.0899963378906], [264.20001220703125, 404.0899963378906, 441.25, 437.44000244140625], [264.20001220703125, 437.44000244140625, 441.25, 482.8699951171875]]",pymupdf_find_tables,HIGH,RAW_CONDITION_EXTRACTED_NOT_RUNTIME,has_asterisk_footnote_industrial_building_condition;registration_else_condition
2019,28,十三、纺织服装、服饰业18,针织或钩针编织服装制造182,182,,涉及通用工序重点管理的,涉及通用工序简化管理的,其他﹡,固定污染源排污许可分类管理名录(2019年版).pdf,7,6,"[46.56, 85.29, 794.78, 482.87]","[[441.25, 85.29000091552734, 618.1500244140625, 106.13999938964844], [441.25, 132.13999938964844, 618.1500244140625, 194.69000244140625], [441.25, 194.69000244140625, 618.1500244140625, 239.63999938964844], [441.25, 265.6400146484375, 618.1500244140625, 291.6400146484375], [441.25, 291.6400146484375, 618.1500244140625, 317.6400146484375]]",pymupdf_find_tables,HIGH,RAW_CONDITION_EXTRACTED_NOT_RUNTIME,has_asterisk_footnote_industrial_building_condition;references_general_process_109_112;registration_else_condition
2019,29,十四、皮革、毛皮、羽毛及其制品和制鞋业19,"皮革鞣制加工191，毛皮鞣制及制品加
工193",191;193,191;193,有鞣制工序的,皮革鞣制加工191（无鞣制工序的）,"毛皮鞣制及制品加工193（无鞣制工序
的）",固定污染源排污许可分类管理名录(2019年版).pdf,7,8,"[46.56, 85.29, 794.78, 482.87]","[[618.1500244140625, 132.13999938964844, 794.7766723632812, 194.69000244140625], [618.1500244140625, 194.69000244140625, 794.7766723632812, 239.63999938964844], [618.1500244140625, 265.6400146484375, 794.7766723632812, 291.6400146484375], [618.1500244140625, 291.6400146484375, 794.7766723632812, 317.6400146484375], [618.1500244140625, 343.6400146484375, 794.7766723632812, 378.0899963378906]]",pymupdf_find_tables,HIGH,RAW_CONDITION_EXTRACTED_NOT_RUNTIME,
2019,30,十四、皮革、毛皮、羽毛及其制品和制鞋业19,皮革制品制造192,192,,涉及通用工序重点管理的,涉及通用工序简化管理的,其他﹡,固定污染源排污许可分类管理名录(2019年版).pdf,7,9,"[46.56, 85.29, 794.78, 482.87]",[],pymupdf_find_tables,HIGH,RAW_CONDITION_EXTRACTED_NOT_RUNTIME,has_asterisk_footnote_industrial_building_condition;references_general_process_109_112;registration_else_condition
2019,31,十四、皮革、毛皮、羽毛及其制品和制鞋业19,羽毛(绒)加工及制品制造194,194,1941;1942,羽毛（绒）加工1941（有水洗工序的）,/,"羽毛（绒）加工1941（无水洗工序的）
﹡，羽毛（绒）制品制造1942﹡",固定污染源排污许可分类管理名录(2019年版).pdf,7,10,"[46.56, 85.29, 794.78, 482.87]",[],pymupdf_find_tables,HIGH,RAW_CONDITION_EXTRACTED_NOT_RUNTIME,has_asterisk_footnote_industrial_building_condition
2019,32,十四、皮革、毛皮、羽毛及其制品和制鞋业19,制鞋业195,195,10,纳入重点排污单位名录的,"除重点管理以外的年使用10 吨及以
上溶剂型胶粘剂或者3 吨及以上溶剂
型处理剂的",其他﹡,固定污染源排污许可分类管理名录(2019年版).pdf,7,11,"[46.56, 85.29, 794.78, 482.87]",[],pymupdf_find_tables,HIGH,RAW_CONDITION_EXTRACTED_NOT_RUNTIME,has_asterisk_footnote_industrial_building_condition;references_dynamic_key_pollutant_unit_list;registration_else_condition
2019,33,十五、木材加工和木、竹、藤、棕、草制品业20,人造板制造202,202,10;2021;2022;2023;2029,纳入重点排污单位名录的,"除重点管理以外的胶合板制造2021
（年产10 万立方米及以上的）、纤
维板制造2022、刨花板制造2023、
其他人造板制造2029（年产10 万立
方米及以上的）",其他﹡,固定污染源排污许可分类管理名录(2019年版).pdf,8,2,"[46.56, 85.29, 794.78, 487.02]","[[46.55999946594238, 422.0400085449219, 794.7766723632812, 442.3900146484375], [46.55999946594238, 442.3900146484375, 80.0, 487.02000427246094], [80.0, 85.29000091552734, 264.20001220703125, 106.13999938964844], [80.0, 126.48999786376953, 264.20001220703125, 201.58999633789062], [80.0, 201.58999633789062, 264.20001220703125, 233.0399932861328]]",pymupdf_find_tables,HIGH,RAW_CONDITION_EXTRACTED_NOT_RUNTIME,has_asterisk_footnote_industrial_building_condition;references_dynamic_key_pollutant_unit_list;registration_else_condition
2019,34,十五、木材加工和木、竹、藤、棕、草制品业20,"木材加工201，木质制品制造203，竹、
藤、棕、草等制品制造204",201;203;204,,涉及通用工序重点管理的,涉及通用工序简化管理的,其他﹡,固定污染源排污许可分类管理名录(2019年版).pdf,8,3,"[46.56, 85.29, 794.78, 487.02]","[[80.0, 253.38999938964844, 264.20001220703125, 326.5400085449219], [80.0, 346.8900146484375, 264.20001220703125, 367.239990234375], [80.0, 367.239990234375, 264.20001220703125, 401.69000244140625], [80.0, 401.69000244140625, 264.20001220703125, 422.0400085449219], [80.0, 442.3900146484375, 264.20001220703125, 487.02000427246094]]",pymupdf_find_tables,HIGH,RAW_CONDITION_EXTRACTED_NOT_RUNTIME,has_asterisk_footnote_industrial_building_condition;references_general_process_109_112;registration_else_condition
2019,35,十六、家具制造业21,"木质家具制造211，竹、藤家具制造
212，金属家具制造213，塑料家具制
造214，其他家具制造219",211;212;213;214;219,10;20,纳入重点排污单位名录的,"除重点管理以外的年使用10 吨及以
上溶剂型涂料或者胶粘剂（含稀释
剂、固化剂）的、年使用20 吨及以
上水性涂料或者胶粘剂的、有磷化表
面处理工艺的",其他﹡,固定污染源排污许可分类管理名录(2019年版).pdf,8,5,"[46.56, 85.29, 794.78, 487.02]","[[264.20001220703125, 367.239990234375, 441.25, 401.69000244140625], [264.20001220703125, 401.69000244140625, 441.25, 422.0400085449219], [264.20001220703125, 442.3900146484375, 441.25, 487.02000427246094], [441.25, 85.29000091552734, 618.1500244140625, 106.13999938964844], [441.25, 126.48999786376953, 618.1500244140625, 201.58999633789062]]",pymupdf_find_tables,HIGH,RAW_CONDITION_EXTRACTED_NOT_RUNTIME,has_asterisk_footnote_industrial_building_condition;references_dynamic_key_pollutant_unit_list;registration_else_condition
2019,36,十七、造纸和纸制品业22,纸浆制造221,221,,全部,/,/,固定污染源排污许可分类管理名录(2019年版).pdf,8,7,"[46.56, 85.29, 794.78, 487.02]","[[441.25, 442.3900146484375, 618.1500244140625, 487.02000427246094], [618.1500244140625, 85.29000091552734, 794.7766723632812, 106.13999938964844], [618.1500244140625, 126.48999786376953, 794.7766723632812, 201.58999633789062], [618.1500244140625, 201.58999633789062, 794.7766723632812, 233.0399932861328], [618.1500244140625, 253.38999938964844, 794.7766723632812, 326.5400085449219]]",pymupdf_find_tables,HIGH,RAW_CONDITION_EXTRACTED_NOT_RUNTIME,
2019,37,十七、造纸和纸制品业22,造纸222,222,2221;2222;2223,"机制纸及纸板制造2221、手工纸制造
2222","有工业废水和废气排放的加工纸制
造2223",除简化管理外的加工纸制造2223﹡,固定污染源排污许可分类管理名录(2019年版).pdf,8,8,"[46.56, 85.29, 794.78, 487.02]",[],pymupdf_find_tables,HIGH,RAW_CONDITION_EXTRACTED_NOT_RUNTIME,has_asterisk_footnote_industrial_building_condition
2019,38,十七、造纸和纸制品业22,纸制品制造223,223,,/,有工业废水或者废气排放的,其他﹡,固定污染源排污许可分类管理名录(2019年版).pdf,8,9,"[46.56, 85.29, 794.78, 487.02]",[],pymupdf_find_tables,HIGH,RAW_CONDITION_EXTRACTED_NOT_RUNTIME,has_asterisk_footnote_industrial_building_condition;registration_else_condition
2019,39,十八、印刷和记录媒介复制业23,印刷231,231,10;80,纳入重点排污单位名录的,"除重点管理以外的年使用80 吨及以
上溶剂型油墨、涂料或者10 吨及以
上溶剂型稀释剂的包装装潢印刷",其他﹡,固定污染源排污许可分类管理名录(2019年版).pdf,8,11,"[46.56, 85.29, 794.78, 487.02]",[],pymupdf_find_tables,HIGH,RAW_CONDITION_EXTRACTED_NOT_RUNTIME,has_asterisk_footnote_industrial_building_condition;references_dynamic_key_pollutant_unit_list;registration_else_condition
2019,40,十八、印刷和记录媒介复制业23,"装订及印刷相关服务232，记录媒介复
制233",232;233,,涉及通用工序重点管理的,涉及通用工序简化管理的,其他﹡,固定污染源排污许可分类管理名录(2019年版).pdf,9,1,"[46.56, 85.29, 794.78, 485.67]","[[46.55999946594238, 238.0399932861328, 80.0, 287.6400146484375], [46.55999946594238, 287.6400146484375, 80.0, 322.0899963378906], [46.55999946594238, 322.0899963378906, 80.0, 342.44000244140625], [46.55999946594238, 342.44000244140625, 794.7766723632812, 362.7900085449219], [46.55999946594238, 362.7900085449219, 80.0, 485.6699981689453]]",pymupdf_find_tables,HIGH,RAW_CONDITION_EXTRACTED_NOT_RUNTIME,has_asterisk_footnote_industrial_building_condition;references_general_process_109_112;registration_else_condition
2019,41,十九、文教、工美、体育和娱乐用品制造业24,"文教办公用品制造241，乐器制造242，
工艺美术及礼仪用品制造243，体育用
品制造244，玩具制造245，游艺器材
及娱乐用品制造246",241;242;243;244;245;246,,涉及通用工序重点管理的,涉及通用工序简化管理的,其他﹡,固定污染源排污许可分类管理名录(2019年版).pdf,9,3,"[46.56, 85.29, 794.78, 485.67]","[[80.0, 322.0899963378906, 264.20001220703125, 342.44000244140625], [80.0, 362.7900085449219, 264.20001220703125, 485.6699981689453], [264.20001220703125, 85.29000091552734, 441.25, 106.13999938964844], [264.20001220703125, 106.13999938964844, 441.25, 133.88999938964844], [264.20001220703125, 154.24000549316406, 441.25, 217.69000244140625]]",pymupdf_find_tables,HIGH,RAW_CONDITION_EXTRACTED_NOT_RUNTIME,has_asterisk_footnote_industrial_building_condition;references_general_process_109_112;registration_else_condition
2019,42,二十、石油、煤炭及其他燃料加工业25,精炼石油产品制造251,251,2511;2519,"原油加工及石油制品制造2511，其他
原油制造2519，以上均不含单纯混合
或者分装的",/,单纯混合或者分装的,固定污染源排污许可分类管理名录(2019年版).pdf,9,5,"[46.56, 85.29, 794.78, 485.67]","[[441.25, 106.13999938964844, 618.1500244140625, 133.88999938964844], [441.25, 154.24000549316406, 618.1500244140625, 217.69000244140625], [441.25, 238.0399932861328, 618.1500244140625, 287.6400146484375], [441.25, 287.6400146484375, 618.1500244140625, 322.0899963378906], [441.25, 322.0899963378906, 618.1500244140625, 342.44000244140625]]",pymupdf_find_tables,HIGH,RAW_CONDITION_EXTRACTED_NOT_RUNTIME,
2019,43,二十、石油、煤炭及其他燃料加工业25,煤炭加工252,252,2521;2522;2523;2524;2529,"炼焦2521，煤制合成气生产2522，
煤制液体燃料生产2523",/,煤制品制造2524，其他煤炭加工2529,固定污染源排污许可分类管理名录(2019年版).pdf,9,6,"[46.56, 85.29, 794.78, 485.67]","[[441.25, 362.7900085449219, 618.1500244140625, 485.6699981689453], [618.1500244140625, 85.29000091552734, 794.7766723632812, 106.13999938964844], [618.1500244140625, 106.13999938964844, 794.7766723632812, 133.88999938964844], [618.1500244140625, 154.24000549316406, 794.7766723632812, 217.69000244140625], [618.1500244140625, 238.0399932861328, 794.7766723632812, 287.6400146484375]]",pymupdf_find_tables,HIGH,RAW_CONDITION_EXTRACTED_NOT_RUNTIME,registration_else_condition
2019,44,二十、石油、煤炭及其他燃料加工业25,生物质燃料加工254,254,,涉及通用工序重点管理的,涉及通用工序简化管理的,其他,固定污染源排污许可分类管理名录(2019年版).pdf,9,7,"[46.56, 85.29, 794.78, 485.67]",[],pymupdf_find_tables,HIGH,RAW_CONDITION_EXTRACTED_NOT_RUNTIME,references_general_process_109_112;registration_else_condition
2019,45,二十一、化学原料和化学制品制造业26,基础化学原料制造261,261,2611;2612;2613;2614;2619,"无机酸制造2611，无机碱制造2612，
无机盐制造2613 ，有机化学原料制造
2614，其他基础化学原料制造2619（非
金属无机氧化物、金属氧化物、金属
过氧化物、金属超氧化物、硫磺、磷、
硅、精硅、硒、砷、硼、碲)，以上均
不含单纯混合或者分装的","单纯混合或者分装的无机酸制造
2611、无机碱制造2612、无机盐制造
2613、有机化学原料制造2614、其他
基础化学原料制造2619（非金属无机
氧化物、金属氧化物、金属过氧化物、
金属超氧化物、硫磺、磷、硅、精硅、
硒、砷、硼、碲）","其他基础化学原料制造2619（除重点管
理、简化管理以外的）",固定污染源排污许可分类管理名录(2019年版).pdf,9,9,"[46.56, 85.29, 794.78, 485.67]",[],pymupdf_find_tables,HIGH,RAW_CONDITION_EXTRACTED_NOT_RUNTIME,registration_else_condition
2019,46,二十一、化学原料和化学制品制造业26,肥料制造262,262,2621;2622;2623;2624;2625;2629,"氮肥制造2621，磷肥制造2622，复
混肥料制造2624，以上均不含单纯混
合或者分装的","钾肥制造2623，有机肥料及微生物肥
料制造2625，其他肥料制造2629，
以上均不含单纯混合或者分装的；氮
肥制造2621（单纯混合或者分装的）",其他,固定污染源排污许可分类管理名录(2019年版).pdf,10,1,"[46.56, 85.29, 794.78, 487.37]","[[46.55999946594238, 361.6400146484375, 80.0, 466.6400146484375], [46.55999946594238, 466.6400146484375, 80.0, 487.3699951171875], [80.0, 85.29000091552734, 264.20001220703125, 106.13999938964844], [80.0, 106.13999938964844, 264.20001220703125, 168.69000244140625], [80.0, 168.69000244140625, 264.20001220703125, 229.74000549316406]]",pymupdf_find_tables,HIGH,RAW_CONDITION_EXTRACTED_NOT_RUNTIME,registration_else_condition
2019,47,二十一、化学原料和化学制品制造业26,农药制造263,263,2631;2632,"化学农药制造2631（包含农药中间
体，不含单纯混合或者分装的），生
物化学农药及微生物农药制造2632
（有发酵工艺的）","化学农药制造2631（单纯混合或者分
装的），生物化学农药及微生物农药
制造2632（无发酵工艺的）",/,固定污染源排污许可分类管理名录(2019年版).pdf,10,2,"[46.56, 85.29, 794.78, 487.37]","[[80.0, 229.74000549316406, 264.20001220703125, 290.0400085449219], [80.0, 290.0400085449219, 264.20001220703125, 361.6400146484375], [80.0, 361.6400146484375, 264.20001220703125, 466.6400146484375], [80.0, 466.6400146484375, 264.20001220703125, 487.3699951171875], [264.20001220703125, 85.29000091552734, 441.25, 106.13999938964844]]",pymupdf_find_tables,HIGH,RAW_CONDITION_EXTRACTED_NOT_RUNTIME,
2019,48,二十一、化学原料和化学制品制造业26,涂料、油墨、颜料及类似产品制造264,264,2641;2642;2643;2644;2645;2646,"涂料制造2641，油墨及类似产品制造
2642，工业颜料制造2643，工艺美术
颜料制造2644，染料制造2645，以
上均不含单纯混合或者分装的","单纯混合或者分装的涂料制造2641、
油墨及类似产品制造2642，密封用填
料及类似品制造2646（不含单纯混合
或者分装的）",其他,固定污染源排污许可分类管理名录(2019年版).pdf,10,3,"[46.56, 85.29, 794.78, 487.37]","[[264.20001220703125, 106.13999938964844, 441.25, 168.69000244140625], [264.20001220703125, 168.69000244140625, 441.25, 229.74000549316406], [264.20001220703125, 229.74000549316406, 441.25, 290.0400085449219], [264.20001220703125, 290.0400085449219, 441.25, 361.6400146484375], [264.20001220703125, 361.6400146484375, 441.25, 466.6400146484375]]",pymupdf_find_tables,HIGH,RAW_CONDITION_EXTRACTED_NOT_RUNTIME,registration_else_condition
2019,49,二十一、化学原料和化学制品制造业26,合成材料制造265,265,2651;2652;2653;2659,"初级形态塑料及合成树脂制造2651，
合成橡胶制造2652，合成纤维单（聚
合）体制造2653，其他合成材料制造
2659（陶瓷纤维等特种纤维及其增强
的复合材料的制造）",/,"其他合成材料制造2659（除陶瓷纤维等
特种纤维及其增强的复合材料的制造
以外的）",固定污染源排污许可分类管理名录(2019年版).pdf,10,4,"[46.56, 85.29, 794.78, 487.37]","[[264.20001220703125, 466.6400146484375, 441.25, 487.3699951171875], [441.25, 85.29000091552734, 618.1500244140625, 106.13999938964844], [441.25, 106.13999938964844, 618.1500244140625, 168.69000244140625], [441.25, 168.69000244140625, 618.1500244140625, 229.74000549316406], [441.25, 229.74000549316406, 618.1500244140625, 290.0400085449219]]",pymupdf_find_tables,HIGH,RAW_CONDITION_EXTRACTED_NOT_RUNTIME,registration_else_condition
2019,50,二十一、化学原料和化学制品制造业26,专用化学产品制造266,266,2661;2662;2663;2664;2665;2666;2667;2669,"化学试剂和助剂制造2661，专项化学
用品制造2662，林产化学产品制造
2663（有热解或者水解工艺的），以
上均不含单纯混合或者分装的","林产化学产品制造2663（无热解或者
水解工艺的），文化用信息化学品制
造2664，医学生产用信息化学品制造
2665，环境污染处理专用药剂材料制
造2666，动物胶制造2667，其他专
用化学产品制造2669，以上均不含单
纯混合或者分装的",单纯混合或者分装的,固定污染源排污许可分类管理名录(2019年版).pdf,10,5,"[46.56, 85.29, 794.78, 487.37]","[[441.25, 290.0400085449219, 618.1500244140625, 361.6400146484375], [441.25, 361.6400146484375, 618.1500244140625, 466.6400146484375], [441.25, 466.6400146484375, 618.1500244140625, 487.3699951171875], [618.1500244140625, 85.29000091552734, 794.7766723632812, 106.13999938964844], [618.1500244140625, 106.13999938964844, 794.7766723632812, 168.69000244140625]]",pymupdf_find_tables,HIGH,RAW_CONDITION_EXTRACTED_NOT_RUNTIME,
2019,51,二十一、化学原料和化学制品制造业26,炸药、火工及焰火产品制造267,267,,涉及通用工序重点管理的,涉及通用工序简化管理的,其他,固定污染源排污许可分类管理名录(2019年版).pdf,10,6,"[46.56, 85.29, 794.78, 487.37]","[[618.1500244140625, 168.69000244140625, 794.7766723632812, 229.74000549316406], [618.1500244140625, 229.74000549316406, 794.7766723632812, 290.0400085449219], [618.1500244140625, 290.0400085449219, 794.7766723632812, 361.6400146484375], [618.1500244140625, 361.6400146484375, 794.7766723632812, 466.6400146484375], [618.1500244140625, 466.6400146484375, 794.7766723632812, 487.3699951171875]]",pymupdf_find_tables,HIGH,RAW_CONDITION_EXTRACTED_NOT_RUNTIME,references_general_process_109_112;registration_else_condition
2019,52,二十一、化学原料和化学制品制造业26,日用化学产品制造268,268,2681;2682;2683;2684;2689,"肥皂及洗涤剂制造2681（以油脂为原
料的肥皂或者皂粒制造），香料、香
精制造2684（香料制造），以上均不
含单纯混合或者分装的","肥皂及洗涤剂制造2681（采用高塔喷
粉工艺的合成洗衣粉制造），香料、
香精制造2684（采用热反应工艺的香
精制造）","肥皂及洗涤剂制造2681（除重点管理、
简化管理以外的），化妆品制造2682，
口腔清洁用品制造2683，香料、香精制
造 2684（除重点管理、简化管理以外
的），其他日用化学产品制造2689",固定污染源排污许可分类管理名录(2019年版).pdf,11,1,"[46.56, 85.29, 794.78, 488.52]","[[46.55999946594238, 236.88999938964844, 80.0, 264.5899963378906], [46.55999946594238, 264.5899963378906, 80.0, 282.0899963378906], [46.55999946594238, 282.0899963378906, 80.0, 313.69000244140625], [46.55999946594238, 313.69000244140625, 80.0, 358.5899963378906], [46.55999946594238, 358.5899963378906, 80.0, 376.0899963378906]]",pymupdf_find_tables,HIGH,RAW_CONDITION_EXTRACTED_NOT_RUNTIME,registration_else_condition
2019,53,二十二、医药制造业27,化学药品原料药制造271,271,,全部,/,/,固定污染源排污许可分类管理名录(2019年版).pdf,11,3,"[46.56, 85.29, 794.78, 488.52]","[[80.0, 209.13999938964844, 264.20001220703125, 236.88999938964844], [80.0, 236.88999938964844, 264.20001220703125, 264.5899963378906], [80.0, 264.5899963378906, 264.20001220703125, 282.0899963378906], [80.0, 282.0899963378906, 264.20001220703125, 313.69000244140625], [80.0, 313.69000244140625, 264.20001220703125, 358.5899963378906]]",pymupdf_find_tables,HIGH,RAW_CONDITION_EXTRACTED_NOT_RUNTIME,
2019,54,二十二、医药制造业27,化学药品制剂制造272,272,2720,"化学药品制剂制造2720（不含单纯混
合或者分装的）",/,单纯混合或者分装的,固定污染源排污许可分类管理名录(2019年版).pdf,11,4,"[46.56, 85.29, 794.78, 488.52]","[[80.0, 358.5899963378906, 264.20001220703125, 376.0899963378906], [80.0, 393.5899963378906, 264.20001220703125, 488.52000427246094], [264.20001220703125, 85.29000091552734, 441.25, 106.13999938964844], [264.20001220703125, 106.13999938964844, 441.25, 174.13999938964844], [264.20001220703125, 191.63999938964844, 441.25, 209.13999938964844]]",pymupdf_find_tables,HIGH,RAW_CONDITION_EXTRACTED_NOT_RUNTIME,
2019,55,二十二、医药制造业27,"中药饮片加工273，药用辅料及包装材
料制造278",273;278,,涉及通用工序重点管理的,涉及通用工序简化管理的,其他﹡,固定污染源排污许可分类管理名录(2019年版).pdf,11,5,"[46.56, 85.29, 794.78, 488.52]","[[264.20001220703125, 209.13999938964844, 441.25, 236.88999938964844], [264.20001220703125, 236.88999938964844, 441.25, 264.5899963378906], [264.20001220703125, 264.5899963378906, 441.25, 282.0899963378906], [264.20001220703125, 282.0899963378906, 441.25, 313.69000244140625], [264.20001220703125, 313.69000244140625, 441.25, 358.5899963378906]]",pymupdf_find_tables,HIGH,RAW_CONDITION_EXTRACTED_NOT_RUNTIME,has_asterisk_footnote_industrial_building_condition;references_general_process_109_112;registration_else_condition
2019,56,二十二、医药制造业27,中成药生产274,274,,/,有提炼工艺的,其他﹡,固定污染源排污许可分类管理名录(2019年版).pdf,11,6,"[46.56, 85.29, 794.78, 488.52]","[[264.20001220703125, 358.5899963378906, 441.25, 376.0899963378906], [264.20001220703125, 393.5899963378906, 441.25, 488.52000427246094], [441.25, 85.29000091552734, 618.1500244140625, 106.13999938964844], [441.25, 106.13999938964844, 618.1500244140625, 174.13999938964844], [441.25, 191.63999938964844, 618.1500244140625, 209.13999938964844]]",pymupdf_find_tables,HIGH,RAW_CONDITION_EXTRACTED_NOT_RUNTIME,has_asterisk_footnote_industrial_building_condition;registration_else_condition
2019,57,二十二、医药制造业27,兽用药品制造275,275,2750,"兽用药品制造2750（不含单纯混合或
者分装的）",/,单纯混合或者分装的,固定污染源排污许可分类管理名录(2019年版).pdf,11,7,"[46.56, 85.29, 794.78, 488.52]","[[441.25, 209.13999938964844, 618.1500244140625, 236.88999938964844], [441.25, 236.88999938964844, 618.1500244140625, 264.5899963378906], [441.25, 264.5899963378906, 618.1500244140625, 282.0899963378906], [441.25, 282.0899963378906, 618.1500244140625, 313.69000244140625], [441.25, 313.69000244140625, 618.1500244140625, 358.5899963378906]]",pymupdf_find_tables,HIGH,RAW_CONDITION_EXTRACTED_NOT_RUNTIME,
2019,58,二十二、医药制造业27,生物药品制品制造276,276,2761;2762,"生物药品制造2761，基因工程药物和
疫苗制造2762，以上均不含单纯混合
或者分装的",/,单纯混合或者分装的,固定污染源排污许可分类管理名录(2019年版).pdf,11,8,"[46.56, 85.29, 794.78, 488.52]","[[441.25, 358.5899963378906, 618.1500244140625, 376.0899963378906], [441.25, 393.5899963378906, 618.1500244140625, 488.52000427246094], [618.1500244140625, 85.29000091552734, 794.7766723632812, 106.13999938964844], [618.1500244140625, 106.13999938964844, 794.7766723632812, 174.13999938964844], [618.1500244140625, 191.63999938964844, 794.7766723632812, 209.13999938964844]]",pymupdf_find_tables,HIGH,RAW_CONDITION_EXTRACTED_NOT_RUNTIME,
2019,59,二十二、医药制造业27,卫生材料及医药用品制造277,277,2770,/,/,卫生材料及医药用品制造2770,固定污染源排污许可分类管理名录(2019年版).pdf,11,9,"[46.56, 85.29, 794.78, 488.52]","[[618.1500244140625, 209.13999938964844, 794.7766723632812, 236.88999938964844], [618.1500244140625, 236.88999938964844, 794.7766723632812, 264.5899963378906], [618.1500244140625, 264.5899963378906, 794.7766723632812, 282.0899963378906], [618.1500244140625, 282.0899963378906, 794.7766723632812, 313.69000244140625], [618.1500244140625, 313.69000244140625, 794.7766723632812, 358.5899963378906]]",pymupdf_find_tables,HIGH,RAW_CONDITION_EXTRACTED_NOT_RUNTIME,
2019,60,二十三、化学纤维制造业28,"纤维素纤维原料及纤维制造281，合成
纤维制造282，生物基材料制造283",281;282;283,2811;2812;2821;2822;2823;2824;2825;2826;2829;2831;2832,"化纤浆粕制造2811，人造纤维（纤维
素纤维）制造 2812，锦纶纤维制造
2821，涤纶纤维制造2822，腈纶纤维
制造2823，维纶纤维制造2824，氨
纶纤维制造2826，其他合成纤维制造
2829，生物基化学纤维制造2831（莱
赛尔纤维制造）",/,"丙纶纤维制造2825，生物基化学纤维制
造2831（除莱赛尔纤维制造以外的），
生物基、淀粉基新材料制造2832",固定污染源排污许可分类管理名录(2019年版).pdf,11,11,"[46.56, 85.29, 794.78, 488.52]",[],pymupdf_find_tables,HIGH,RAW_CONDITION_EXTRACTED_NOT_RUNTIME,
2019,61,二十四、橡胶和塑料制品业29,橡胶制品业291,291,2000;2911;2912;2913;2914;2915;2916;2919,纳入重点排污单位名录的,"除重点管理以外的轮胎制造2911、年
耗胶量2000 吨及以上的橡胶板、管、
带制造2912、橡胶零件制造2913、再
生橡胶制造2914、日用及医用橡胶制
品制造 2915、运动场地用塑胶制造
2916、其他橡胶制品制造2919",其他,固定污染源排污许可分类管理名录(2019年版).pdf,12,2,"[46.56, 85.29, 794.78, 488.37]","[[80.0, 341.5400085449219, 264.20001220703125, 401.8399963378906], [80.0, 401.8399963378906, 264.20001220703125, 488.3699951171875], [264.20001220703125, 85.29000091552734, 441.25, 106.13999938964844], [264.20001220703125, 126.48999786376953, 441.25, 214.08999633789062], [264.20001220703125, 214.08999633789062, 441.25, 321.19000244140625]]",pymupdf_find_tables,HIGH,RAW_CONDITION_EXTRACTED_NOT_RUNTIME,references_dynamic_key_pollutant_unit_list;registration_else_condition
2019,62,二十四、橡胶和塑料制品业29,塑料制品业292,292,2921;2922;2923;2924;2925;2926;2927;2928;2929,塑料人造革、合成革制造2925,"年产 1 万吨及以上的泡沫塑料制造
2924，年产1 万吨及以上涉及改性的
塑料薄膜制造2921、塑料板、管、型
材制造2922、塑料丝、绳和编织品制
造 2923、塑料包装箱及容器制造
2926、日用塑料品制造2927、人造草
坪制造2928、塑料零件及其他塑料制
品制造2929",其他,固定污染源排污许可分类管理名录(2019年版).pdf,12,3,"[46.56, 85.29, 794.78, 488.37]","[[264.20001220703125, 341.5400085449219, 441.25, 401.8399963378906], [264.20001220703125, 401.8399963378906, 441.25, 488.3699951171875], [441.25, 85.29000091552734, 618.1500244140625, 106.13999938964844], [441.25, 126.48999786376953, 618.1500244140625, 214.08999633789062], [441.25, 214.08999633789062, 618.1500244140625, 321.19000244140625]]",pymupdf_find_tables,HIGH,RAW_CONDITION_EXTRACTED_NOT_RUNTIME,registration_else_condition
2019,63,二十五、非金属矿物制品业30,"水泥、石灰和石膏制造301，石膏、水
泥制品及类似制品制造302",301;302,3012;3021;3022;3023;3024;3029,水泥（熟料）制造,水泥粉磨站、石灰和石膏制造3012,"水泥制品制造 3021，砼结构构件制造
3022，石棉水泥制品制造3023，轻质建
筑材料制造3024，其他水泥类似制品制
造3029",固定污染源排污许可分类管理名录(2019年版).pdf,12,5,"[46.56, 85.29, 794.78, 488.37]",[],pymupdf_find_tables,HIGH,RAW_CONDITION_EXTRACTED_NOT_RUNTIME,registration_else_condition
2019,64,二十五、非金属矿物制品业30,砖瓦、石材等建筑材料制造303,303,3031;3032;3033;3034;3039,"粘土砖瓦及建筑砌块制造3031（以煤
或者煤矸石为燃料的烧结砖瓦）","粘土砖瓦及建筑砌块制造3031（除以
煤或者煤矸石为燃料的烧结砖瓦以
外的），建筑用石加工3032，防水建
筑材料制造3033，隔热和隔音材料制
造3034，其他建筑材料制造3039，
以上均不含仅切割加工的",仅切割加工的,固定污染源排污许可分类管理名录(2019年版).pdf,12,6,"[46.56, 85.29, 794.78, 488.37]",[],pymupdf_find_tables,HIGH,RAW_CONDITION_EXTRACTED_NOT_RUNTIME,
2019,65,二十五、非金属矿物制品业30,玻璃制造304,304,3041;3042;3049,平板玻璃制造3041,特种玻璃制造3042,其他玻璃制造3049,固定污染源排污许可分类管理名录(2019年版).pdf,13,1,"[46.56, 85.29, 794.78, 490.82]","[[46.55999946594238, 286.239990234375, 80.0, 331.19000244140625], [46.55999946594238, 331.19000244140625, 80.0, 388.69000244140625], [46.55999946594238, 388.69000244140625, 794.7766723632812, 409.0400085449219], [46.55999946594238, 409.0400085449219, 80.0, 429.3900146484375], [46.55999946594238, 429.3900146484375, 80.0, 449.739990234375]]",pymupdf_find_tables,HIGH,RAW_CONDITION_EXTRACTED_NOT_RUNTIME,registration_else_condition
2019,66,二十五、非金属矿物制品业30,玻璃制品制造305,305,,"以煤、石油焦、油和发生炉煤气为燃
料的",以天然气为燃料的,其他,固定污染源排污许可分类管理名录(2019年版).pdf,13,2,"[46.56, 85.29, 794.78, 490.82]","[[46.55999946594238, 449.739990234375, 80.0, 470.0899963378906], [46.55999946594238, 470.0899963378906, 80.0, 490.8199920654297], [80.0, 85.29000091552734, 264.20001220703125, 106.13999938964844], [80.0, 106.13999938964844, 264.20001220703125, 134.94000244140625], [80.0, 134.94000244140625, 264.20001220703125, 162.69000244140625]]",pymupdf_find_tables,HIGH,RAW_CONDITION_EXTRACTED_NOT_RUNTIME,registration_else_condition
2019,67,二十五、非金属矿物制品业30,"玻璃纤维和玻璃纤维增强塑料制品制
造306",306,,"以煤、石油焦、油和发生炉煤气为燃
料的",以天然气为燃料的,其他,固定污染源排污许可分类管理名录(2019年版).pdf,13,3,"[46.56, 85.29, 794.78, 490.82]","[[80.0, 162.69000244140625, 264.20001220703125, 190.38999938964844], [80.0, 190.38999938964844, 264.20001220703125, 286.239990234375], [80.0, 286.239990234375, 264.20001220703125, 331.19000244140625], [80.0, 331.19000244140625, 264.20001220703125, 388.69000244140625], [80.0, 409.0400085449219, 264.20001220703125, 429.3900146484375]]",pymupdf_find_tables,HIGH,RAW_CONDITION_EXTRACTED_NOT_RUNTIME,registration_else_condition
2019,68,二十五、非金属矿物制品业30,陶瓷制品制造307,307,150;250;3071;3072;3073;3074;3075;3076;3079,"建筑陶瓷制品制造3071（以煤、石油
焦、油和发生炉煤气为燃料的），卫
生陶瓷制品制造3072（年产150 万件
及以上的），日用陶瓷制品制造3074
（年产250 万件及以上的）","建筑陶瓷制品制造3071（以天然气为
燃料的）","建筑陶瓷制品制造3071（除重点管理、
简化管理以外的），卫生陶瓷制品制造
3072（年产150 万件以下的），日用陶
瓷制品制造 3074（年产 250 万件以下
的），特种陶瓷制品制造3073，陈设艺
术陶瓷制造3075，园艺陶瓷制造3076，
其他陶瓷制品制造3079",固定污染源排污许可分类管理名录(2019年版).pdf,13,4,"[46.56, 85.29, 794.78, 490.82]","[[80.0, 429.3900146484375, 264.20001220703125, 449.739990234375], [80.0, 449.739990234375, 264.20001220703125, 470.0899963378906], [80.0, 470.0899963378906, 264.20001220703125, 490.8199920654297], [264.20001220703125, 85.29000091552734, 441.25, 106.13999938964844], [264.20001220703125, 106.13999938964844, 441.25, 134.94000244140625]]",pymupdf_find_tables,HIGH,RAW_CONDITION_EXTRACTED_NOT_RUNTIME,registration_else_condition
2019,69,二十五、非金属矿物制品业30,耐火材料制品制造308,308,3081;3082;3089,石棉制品制造3081,"以煤、石油焦、油和发生炉煤气为燃
料的云母制品制造3082、耐火陶瓷制
品及其他耐火材料制造3089","除简化管理以外的云母制品制造3082、
耐火陶瓷制品及其他耐火材料制造
3089",固定污染源排污许可分类管理名录(2019年版).pdf,13,5,"[46.56, 85.29, 794.78, 490.82]","[[264.20001220703125, 134.94000244140625, 441.25, 162.69000244140625], [264.20001220703125, 162.69000244140625, 441.25, 190.38999938964844], [264.20001220703125, 190.38999938964844, 441.25, 286.239990234375], [264.20001220703125, 286.239990234375, 441.25, 331.19000244140625], [264.20001220703125, 331.19000244140625, 441.25, 388.69000244140625]]",pymupdf_find_tables,HIGH,RAW_CONDITION_EXTRACTED_NOT_RUNTIME,registration_else_condition
2019,70,二十五、非金属矿物制品业30,石墨及其他非金属矿物制品制造309,309,3091;3099,"石墨及碳素制品制造3091（石墨制
品、碳制品、碳素新材料），其他非
金属矿物制品制造3099（多晶硅棒）","石墨及碳素制品制造3091（除石墨制
品、碳制品、碳素新材料以外的），
其他非金属矿物制品制造3099（单晶
硅棒，沥青混合物）","其他非金属矿物制品制造3099（除重点
管理、简化管理以外的）",固定污染源排污许可分类管理名录(2019年版).pdf,13,6,"[46.56, 85.29, 794.78, 490.82]","[[264.20001220703125, 409.0400085449219, 441.25, 429.3900146484375], [264.20001220703125, 429.3900146484375, 441.25, 449.739990234375], [264.20001220703125, 449.739990234375, 441.25, 470.0899963378906], [264.20001220703125, 470.0899963378906, 441.25, 490.8199920654297], [441.25, 85.29000091552734, 618.1500244140625, 106.13999938964844]]",pymupdf_find_tables,HIGH,RAW_CONDITION_EXTRACTED_NOT_RUNTIME,registration_else_condition
2019,71,二十六、黑色金属冶炼和压延加工业31,炼铁311,311,,含炼铁、烧结、球团等工序的生产,/,/,固定污染源排污许可分类管理名录(2019年版).pdf,13,8,"[46.56, 85.29, 794.78, 490.82]","[[441.25, 331.19000244140625, 618.1500244140625, 388.69000244140625], [441.25, 409.0400085449219, 618.1500244140625, 429.3900146484375], [441.25, 429.3900146484375, 618.1500244140625, 449.739990234375], [441.25, 449.739990234375, 618.1500244140625, 470.0899963378906], [441.25, 470.0899963378906, 618.1500244140625, 490.8199920654297]]",pymupdf_find_tables,HIGH,RAW_CONDITION_EXTRACTED_NOT_RUNTIME,
2019,72,二十六、黑色金属冶炼和压延加工业31,炼钢312,312,,全部,/,/,固定污染源排污许可分类管理名录(2019年版).pdf,13,9,"[46.56, 85.29, 794.78, 490.82]","[[618.1500244140625, 85.29000091552734, 794.7766723632812, 106.13999938964844], [618.1500244140625, 106.13999938964844, 794.7766723632812, 134.94000244140625], [618.1500244140625, 134.94000244140625, 794.7766723632812, 162.69000244140625], [618.1500244140625, 162.69000244140625, 794.7766723632812, 190.38999938964844], [618.1500244140625, 190.38999938964844, 794.7766723632812, 286.239990234375]]",pymupdf_find_tables,HIGH,RAW_CONDITION_EXTRACTED_NOT_RUNTIME,
2019,73,二十六、黑色金属冶炼和压延加工业31,钢压延加工313,313,50,年产50 万吨及以上的冷轧,热轧及年产50 万吨以下的冷轧,其他,固定污染源排污许可分类管理名录(2019年版).pdf,13,10,"[46.56, 85.29, 794.78, 490.82]","[[618.1500244140625, 286.239990234375, 794.7766723632812, 331.19000244140625], [618.1500244140625, 331.19000244140625, 794.7766723632812, 388.69000244140625], [618.1500244140625, 409.0400085449219, 794.7766723632812, 429.3900146484375], [618.1500244140625, 429.3900146484375, 794.7766723632812, 449.739990234375], [618.1500244140625, 449.739990234375, 794.7766723632812, 470.0899963378906]]",pymupdf_find_tables,HIGH,RAW_CONDITION_EXTRACTED_NOT_RUNTIME,registration_else_condition
2019,74,二十六、黑色金属冶炼和压延加工业31,铁合金冶炼314,314,3140,铁合金冶炼3140,/,/,固定污染源排污许可分类管理名录(2019年版).pdf,13,11,"[46.56, 85.29, 794.78, 490.82]",[],pymupdf_find_tables,HIGH,RAW_CONDITION_EXTRACTED_NOT_RUNTIME,
2019,75,二十七、有色金属冶炼和压延加工业32,常用有色金属冶炼321,321,,"铜、铅锌、镍钴、锡、锑、铝、镁、
汞、钛等常用有色金属冶炼（含再生
铜、再生铝和再生铅冶炼）",/,其他,固定污染源排污许可分类管理名录(2019年版).pdf,14,2,"[46.56, 85.29, 794.78, 486.17]","[[80.0, 85.29000091552734, 264.20001220703125, 106.13999938964844], [80.0, 126.48999786376953, 264.20001220703125, 167.83999633789062], [80.0, 167.83999633789062, 264.20001220703125, 202.33999633789062], [80.0, 202.33999633789062, 264.20001220703125, 236.83999633789062], [80.0, 236.83999633789062, 264.20001220703125, 271.3399963378906]]",pymupdf_find_tables,HIGH,RAW_CONDITION_EXTRACTED_NOT_RUNTIME,registration_else_condition
2019,76,二十七、有色金属冶炼和压延加工业32,贵金属冶炼322,322,3221;3222;3229,"金冶炼3221，银冶炼3222，其他贵
金属冶炼3229",/,/,固定污染源排污许可分类管理名录(2019年版).pdf,14,3,"[46.56, 85.29, 794.78, 486.17]","[[80.0, 271.3399963378906, 264.20001220703125, 291.69000244140625], [80.0, 312.0400085449219, 264.20001220703125, 427.5400085449219], [80.0, 427.5400085449219, 264.20001220703125, 486.1699981689453], [264.20001220703125, 85.29000091552734, 441.25, 106.13999938964844], [264.20001220703125, 126.48999786376953, 441.25, 167.83999633789062]]",pymupdf_find_tables,HIGH,RAW_CONDITION_EXTRACTED_NOT_RUNTIME,
2019,77,二十七、有色金属冶炼和压延加工业32,稀有稀土金属冶炼323,323,3231;3232;3239,"钨钼冶炼3231，稀土金属冶炼3232，
其他稀有金属冶炼3239",/,/,固定污染源排污许可分类管理名录(2019年版).pdf,14,4,"[46.56, 85.29, 794.78, 486.17]","[[264.20001220703125, 167.83999633789062, 441.25, 202.33999633789062], [264.20001220703125, 202.33999633789062, 441.25, 236.83999633789062], [264.20001220703125, 236.83999633789062, 441.25, 271.3399963378906], [264.20001220703125, 271.3399963378906, 441.25, 291.69000244140625], [264.20001220703125, 312.0400085449219, 441.25, 427.5400085449219]]",pymupdf_find_tables,HIGH,RAW_CONDITION_EXTRACTED_NOT_RUNTIME,
2019,78,二十七、有色金属冶炼和压延加工业32,有色金属合金制造324,324,,"铅基合金制造，年产2 万吨及以上的
其他有色金属合金制造",其他,/,固定污染源排污许可分类管理名录(2019年版).pdf,14,5,"[46.56, 85.29, 794.78, 486.17]","[[264.20001220703125, 427.5400085449219, 441.25, 486.1699981689453], [441.25, 85.29000091552734, 618.1500244140625, 106.13999938964844], [441.25, 126.48999786376953, 618.1500244140625, 167.83999633789062], [441.25, 167.83999633789062, 618.1500244140625, 202.33999633789062], [441.25, 202.33999633789062, 618.1500244140625, 236.83999633789062]]",pymupdf_find_tables,HIGH,RAW_CONDITION_EXTRACTED_NOT_RUNTIME,
2019,79,二十七、有色金属冶炼和压延加工业32,有色金属压延加工325,325,,/,有轧制或者退火工序的,其他,固定污染源排污许可分类管理名录(2019年版).pdf,14,6,"[46.56, 85.29, 794.78, 486.17]","[[441.25, 236.83999633789062, 618.1500244140625, 271.3399963378906], [441.25, 271.3399963378906, 618.1500244140625, 291.69000244140625], [441.25, 312.0400085449219, 618.1500244140625, 427.5400085449219], [441.25, 427.5400085449219, 618.1500244140625, 486.1699981689453], [618.1500244140625, 85.29000091552734, 794.7766723632812, 106.13999938964844]]",pymupdf_find_tables,HIGH,RAW_CONDITION_EXTRACTED_NOT_RUNTIME,registration_else_condition
2019,80,二十八、金属制品业33,"结构性金属制品制造331，金属工具制
造 332，集装箱及金属包装容器制造
333，金属丝绳及其制品制造334，建
筑、安全用金属制品制造335，搪瓷制
品制造337，金属制日用品制造338，
铸造及其他金属制品制造339（除黑色
金属铸造3391、有色金属铸造3392）",331;332;333;334;335;337;338;339;3391;3392,,涉及通用工序重点管理的,涉及通用工序简化管理的,其他﹡,固定污染源排污许可分类管理名录(2019年版).pdf,14,8,"[46.56, 85.29, 794.78, 486.17]",[],pymupdf_find_tables,HIGH,RAW_CONDITION_EXTRACTED_NOT_RUNTIME,has_asterisk_footnote_industrial_building_condition;references_general_process_109_112;registration_else_condition
2019,81,二十八、金属制品业33,金属表面处理及热处理加工336,336,10,"纳入重点排污单位名录的，专业电镀
企业（含电镀园区中电镀企业），专
门处理电镀废水的集中处理设施，有
电镀工序的，有含铬钝化工序的","除重点管理以外的有酸洗、抛光（电
解抛光和化学抛光）、热浸镀（溶剂
法）、淬火或者无铬钝化等工序的、
年使用10 吨及以上有机溶剂的",其他,固定污染源排污许可分类管理名录(2019年版).pdf,14,9,"[46.56, 85.29, 794.78, 486.17]",[],pymupdf_find_tables,HIGH,RAW_CONDITION_EXTRACTED_NOT_RUNTIME,references_dynamic_key_pollutant_unit_list;registration_else_condition
2019,82,二十八、金属制品业33,铸造及其他金属制品制造339,339,3391;3392,"黑色金属铸造3391（使用冲天炉的），
有色金属铸造3392（生产铅基及铅青
铜铸件的）","除重点管理以外的黑色金属铸造
3391、有色金属铸造3392",/,固定污染源排污许可分类管理名录(2019年版).pdf,15,1,"[46.56, 85.29, 794.78, 488.32]","[[46.55999946594238, 325.5899963378906, 80.0, 488.3199920654297], [80.0, 85.29000091552734, 264.20001220703125, 106.13999938964844], [80.0, 106.13999938964844, 264.20001220703125, 154.58999633789062], [80.0, 180.58999633789062, 264.20001220703125, 299.5899963378906], [80.0, 325.5899963378906, 264.20001220703125, 488.3199920654297]]",pymupdf_find_tables,HIGH,RAW_CONDITION_EXTRACTED_NOT_RUNTIME,
2019,83,二十九、通用设备制造业34,"锅炉及原动设备制造341，金属加工机
械制造342，物料搬运设备制造343，
泵、阀门、压缩机及类似机械制造344，
轴承、齿轮和传动部件制造345，烘炉、
风机、包装等设备制造346，文化、办
公用机械制造 347，通用零部件制造
348，其他通用设备制造业349",341;342;343;344;345;346;347;348;349,,涉及通用工序重点管理的,涉及通用工序简化管理的,其他,固定污染源排污许可分类管理名录(2019年版).pdf,15,3,"[46.56, 85.29, 794.78, 488.32]","[[441.25, 106.13999938964844, 618.1500244140625, 154.58999633789062], [441.25, 180.58999633789062, 618.1500244140625, 299.5899963378906], [441.25, 325.5899963378906, 618.1500244140625, 488.3199920654297], [618.1500244140625, 85.29000091552734, 794.7766723632812, 106.13999938964844], [618.1500244140625, 106.13999938964844, 794.7766723632812, 154.58999633789062]]",pymupdf_find_tables,HIGH,RAW_CONDITION_EXTRACTED_NOT_RUNTIME,references_general_process_109_112;registration_else_condition
2019,84,三十、专用设备制造业35,"采矿、冶金、建筑专用设备制造351，
化工、木材、非金属加工专用设备制造
352，食品、饮料、烟草及饲料生产专
用设备制造353，印刷、制药、日化及
日用品生产专用设备制造354，纺织、
服装和皮革加工专用设备制造355，电
子和电工机械专用设备制造356，农、
林、牧、渔专用机械制造357，医疗仪
器设备及器械制造358，环保、邮政、
社会公共服务及其他专用设备制造359",351;352;353;354;355;356;357;358;359,,涉及通用工序重点管理的,涉及通用工序简化管理的,其他,固定污染源排污许可分类管理名录(2019年版).pdf,15,5,"[46.56, 85.29, 794.78, 488.32]",[],pymupdf_find_tables,HIGH,RAW_CONDITION_EXTRACTED_NOT_RUNTIME,references_general_process_109_112;registration_else_condition
2019,85,三十一、汽车制造业36,"汽车整车制造361，汽车用发动机制造
362，改装汽车制造363，低速汽车制
造364，电车制造365，汽车车身、挂
车制造366，汽车零部件及配件制造
367",361;362;363;364;365;366;367,10;361;362;363;364;365;366;367,纳入重点排污单位名录的,"除重点管理以外的汽车整车制造
361，除重点管理以外的年使用10 吨
及以上溶剂型涂料或者胶粘剂（含稀
释剂、固化剂、清洗溶剂）的汽车用
发动机制造362、改装汽车制造363、
低速汽车制造364、电车制造365、
汽车车身、挂车制造366、汽车零部
件及配件制造367",其他,固定污染源排污许可分类管理名录(2019年版).pdf,16,2,"[46.56, 85.29, 794.78, 489.02]","[[80.0, 260.2900085449219, 264.20001220703125, 358.3399963378906], [80.0, 378.69000244140625, 264.20001220703125, 447.2900085449219], [80.0, 447.2900085449219, 264.20001220703125, 489.02000427246094], [264.20001220703125, 85.29000091552734, 441.25, 106.13999938964844], [264.20001220703125, 126.48999786376953, 441.25, 239.94000244140625]]",pymupdf_find_tables,HIGH,RAW_CONDITION_EXTRACTED_NOT_RUNTIME,references_dynamic_key_pollutant_unit_list;registration_else_condition
2019,86,三十二、铁路、船舶、航空航天和其他运输设备制造37,"铁路运输设备制造371，城市轨道交通
设备制造372，船舶及相关装置制造
373，航空、航天器及设备制造374，
摩托车制造375，自行车和残疾人座车
制造376，助动车制造377，非公路休
闲车及零配件制造378，潜水救捞及其
他未列明运输设备制造379",371;372;373;374;375;376;377;378;379,10,纳入重点排污单位名录的,"除重点管理以外的年使用10 吨及以
上溶剂型涂料或者胶粘剂（含稀释
剂、固化剂、清洗溶剂）的",其他,固定污染源排污许可分类管理名录(2019年版).pdf,16,4,"[46.56, 85.29, 794.78, 489.02]","[[441.25, 260.2900085449219, 618.1500244140625, 358.3399963378906], [441.25, 378.69000244140625, 618.1500244140625, 447.2900085449219], [441.25, 447.2900085449219, 618.1500244140625, 489.02000427246094], [618.1500244140625, 85.29000091552734, 794.7766723632812, 106.13999938964844], [618.1500244140625, 126.48999786376953, 794.7766723632812, 239.94000244140625]]",pymupdf_find_tables,HIGH,RAW_CONDITION_EXTRACTED_NOT_RUNTIME,references_dynamic_key_pollutant_unit_list;registration_else_condition
2019,87,三十三、电气机械和器材制造业38,"电机制造381，输配电及控制设备制造
382，电线、电缆、光缆及电工器材制
造383，家用电力器具制造385，非电
力家用器具制造386，照明器具制造
387，其他电气机械及器材制造389",381;382;383;385;386;387;389,,涉及通用工序重点管理的,涉及通用工序简化管理的,其他,固定污染源排污许可分类管理名录(2019年版).pdf,16,6,"[46.56, 85.29, 794.78, 489.02]",[],pymupdf_find_tables,HIGH,RAW_CONDITION_EXTRACTED_NOT_RUNTIME,references_general_process_109_112;registration_else_condition
2019,88,三十三、电气机械和器材制造业38,电池制造384,384,3841;3842;3843;3844;3849,铅酸蓄电池制造3843,"锂离子电池制造3841，镍氢电池制造
3842，锌锰电池制造3844，其他电池
制造3849",/,固定污染源排污许可分类管理名录(2019年版).pdf,16,7,"[46.56, 85.29, 794.78, 489.02]",[],pymupdf_find_tables,HIGH,RAW_CONDITION_EXTRACTED_NOT_RUNTIME,
2019,89,三十四、计算机、通信和其他电子设备制造业39,"计算机制造391，电子器件制造397，
电子元件及电子专用材料制造398，其
他电子设备制造399",391;397;398;399,10,纳入重点排污单位名录的,"除重点管理以外的年使用10 吨及以
上溶剂型涂料（含稀释剂）的",其他,固定污染源排污许可分类管理名录(2019年版).pdf,17,2,"[46.56, 85.29, 794.78, 488.97]","[[46.55999946594238, 399.69000244140625, 794.7766723632812, 420.0400085449219], [46.55999946594238, 420.0400085449219, 80.0, 488.9700012207031], [80.0, 85.29000091552734, 264.20001220703125, 106.13999938964844], [80.0, 126.48999786376953, 264.20001220703125, 167.83999633789062], [80.0, 167.83999633789062, 264.20001220703125, 209.19000244140625]]",pymupdf_find_tables,HIGH,RAW_CONDITION_EXTRACTED_NOT_RUNTIME,references_dynamic_key_pollutant_unit_list;registration_else_condition
2019,90,三十四、计算机、通信和其他电子设备制造业39,"通信设备制造392，广播电视设备制造
393，雷达及配套设备制造394，非专业视
听设备制造395，智能消费设备制造396",392;393;394;395;396,,涉及通用工序重点管理的,涉及通用工序简化管理的,其他,固定污染源排污许可分类管理名录(2019年版).pdf,17,3,"[46.56, 85.29, 794.78, 488.97]","[[80.0, 229.5399932861328, 264.20001220703125, 287.0400085449219], [80.0, 307.3900146484375, 264.20001220703125, 335.1400146484375], [80.0, 355.489990234375, 264.20001220703125, 399.69000244140625], [80.0, 420.0400085449219, 264.20001220703125, 488.9700012207031], [264.20001220703125, 85.29000091552734, 441.25, 106.13999938964844]]",pymupdf_find_tables,HIGH,RAW_CONDITION_EXTRACTED_NOT_RUNTIME,references_general_process_109_112;registration_else_condition
2019,91,三十五、仪器仪表制造业40,"通用仪器仪表制造401，专用仪器仪表
制造402，钟表与计时仪器制造403，
光学仪器制造404，衡器制造405，其
他仪器仪表制造业409",401;402;403;404;405;409,,涉及通用工序重点管理的,涉及通用工序简化管理的,其他,固定污染源排污许可分类管理名录(2019年版).pdf,17,5,"[46.56, 85.29, 794.78, 488.97]","[[264.20001220703125, 420.0400085449219, 441.25, 488.9700012207031], [441.25, 85.29000091552734, 618.1500244140625, 106.13999938964844], [441.25, 126.48999786376953, 618.1500244140625, 167.83999633789062], [441.25, 167.83999633789062, 618.1500244140625, 209.19000244140625], [441.25, 229.5399932861328, 618.1500244140625, 287.0400085449219]]",pymupdf_find_tables,HIGH,RAW_CONDITION_EXTRACTED_NOT_RUNTIME,references_general_process_109_112;registration_else_condition
2019,92,三十六、其他制造业41,"日用杂品制造411，其他未列明制造业
419",411;419,,涉及通用工序重点管理的,涉及通用工序简化管理的,其他﹡,固定污染源排污许可分类管理名录(2019年版).pdf,17,7,"[46.56, 85.29, 794.78, 488.97]","[[618.1500244140625, 167.83999633789062, 794.7766723632812, 209.19000244140625], [618.1500244140625, 229.5399932861328, 794.7766723632812, 287.0400085449219], [618.1500244140625, 307.3900146484375, 794.7766723632812, 335.1400146484375], [618.1500244140625, 355.489990234375, 794.7766723632812, 399.69000244140625], [618.1500244140625, 420.0400085449219, 794.7766723632812, 488.9700012207031]]",pymupdf_find_tables,HIGH,RAW_CONDITION_EXTRACTED_NOT_RUNTIME,has_asterisk_footnote_industrial_building_condition;references_general_process_109_112;registration_else_condition
2019,93,三十七、废弃资源综合利用业42,"金属废料和碎屑加工处理421，非金属
废料和碎屑加工处理422",421;422,,废电池、废油、废轮胎加工处理,"废弃电器电子产品、废机动车、废电
机、废电线电缆、废塑料、废船、含
水洗工艺的其他废料和碎屑加工处理",其他,固定污染源排污许可分类管理名录(2019年版).pdf,17,9,"[46.56, 85.29, 794.78, 488.97]",[],pymupdf_find_tables,HIGH,RAW_CONDITION_EXTRACTED_NOT_RUNTIME,registration_else_condition
2019,94,三十八、金属制品、机械和设备修理业43,"金属制品修理431，通用设备修理432，
专用设备修理433，铁路、船舶、航空
航天等运输设备修理434，电气设备修
理435，仪器仪表修理436，其他机械
和设备修理业439",431;432;433;434;435;436;439,,涉及通用工序重点管理的,涉及通用工序简化管理的,其他﹡,固定污染源排污许可分类管理名录(2019年版).pdf,17,11,"[46.56, 85.29, 794.78, 488.97]",[],pymupdf_find_tables,HIGH,RAW_CONDITION_EXTRACTED_NOT_RUNTIME,has_asterisk_footnote_industrial_building_condition;references_general_process_109_112;registration_else_condition
2019,95,三十九、电力、热力生产和供应业44,电力生产441,441,4411;4412;4417,"火力发电4411，热电联产4412，生物
质能发电4417（生活垃圾、污泥发电）","生物质能发电4417（利用农林生物
质、沼气发电、垃圾填埋气发电）",/,固定污染源排污许可分类管理名录(2019年版).pdf,18,2,"[46.56, 85.29, 794.78, 485.17]","[[46.55999946594238, 378.8900146484375, 80.0, 406.5899963378906], [46.55999946594238, 406.5899963378906, 794.7766723632812, 429.7900085449219], [46.55999946594238, 429.7900085449219, 80.0, 485.1699981689453], [80.0, 85.29000091552734, 264.20001220703125, 106.13999938964844], [80.0, 126.48999786376953, 264.20001220703125, 163.19000244140625]]",pymupdf_find_tables,HIGH,RAW_CONDITION_EXTRACTED_NOT_RUNTIME,
2019,96,三十九、电力、热力生产和供应业44,热力生产和供应443,443,14;20,"单台或者合计出力20 吨/小时（14
兆瓦）及以上的锅炉（不含电热锅炉）","单台且合计出力20 吨/小时（14 兆
瓦）以下的锅炉（不含电热锅炉和单
台且合计出力1 吨/小时（0.7 兆瓦）
及以下的天然气锅炉）","单台且合计出力1 吨/小时（0.7 兆瓦）
及以下的天然气锅炉",固定污染源排污许可分类管理名录(2019年版).pdf,18,3,"[46.56, 85.29, 794.78, 485.17]","[[80.0, 163.19000244140625, 264.20001220703125, 218.13999938964844], [80.0, 238.49000549316406, 264.20001220703125, 266.239990234375], [80.0, 286.5899963378906, 264.20001220703125, 314.3399963378906], [80.0, 314.3399963378906, 264.20001220703125, 355.69000244140625], [80.0, 378.8900146484375, 264.20001220703125, 406.5899963378906]]",pymupdf_find_tables,HIGH,RAW_CONDITION_EXTRACTED_NOT_RUNTIME,
2019,97,四十、燃气生产和供应业45,"燃气生产和供应业451，生物质燃气生
产和供应业452",451;452,,涉及通用工序重点管理的,涉及通用工序简化管理的,其他,固定污染源排污许可分类管理名录(2019年版).pdf,18,5,"[46.56, 85.29, 794.78, 485.17]","[[264.20001220703125, 286.5899963378906, 441.25, 314.3399963378906], [264.20001220703125, 314.3399963378906, 441.25, 355.69000244140625], [264.20001220703125, 378.8900146484375, 441.25, 406.5899963378906], [264.20001220703125, 429.7900085449219, 441.25, 485.1699981689453], [441.25, 85.29000091552734, 618.1500244140625, 106.13999938964844]]",pymupdf_find_tables,HIGH,RAW_CONDITION_EXTRACTED_NOT_RUNTIME,references_general_process_109_112;registration_else_condition
2019,98,四十一、水的生产和供应业46,"自来水生产和供应461，海水淡化处理
463，其他水的处理、利用与分配469",461;463;469,,涉及通用工序重点管理的,涉及通用工序简化管理的,其他,固定污染源排污许可分类管理名录(2019年版).pdf,18,7,"[46.56, 85.29, 794.78, 485.17]","[[441.25, 378.8900146484375, 618.1500244140625, 406.5899963378906], [441.25, 429.7900085449219, 618.1500244140625, 485.1699981689453], [618.1500244140625, 85.29000091552734, 794.7766723632812, 106.13999938964844], [618.1500244140625, 126.48999786376953, 794.7766723632812, 163.19000244140625], [618.1500244140625, 163.19000244140625, 794.7766723632812, 218.13999938964844]]",pymupdf_find_tables,HIGH,RAW_CONDITION_EXTRACTED_NOT_RUNTIME,references_general_process_109_112;registration_else_condition
2019,99,四十一、水的生产和供应业46,污水处理及其再生利用462,462,500,"工业废水集中处理场所，日处理能力
2 万吨及以上的城乡污水集中处理场
所","日处理能力500 吨及以上2 万吨以下
的城乡污水集中处理场所","日处理能力500吨以下的城乡污水集中
处理场所",固定污染源排污许可分类管理名录(2019年版).pdf,18,8,"[46.56, 85.29, 794.78, 485.17]","[[618.1500244140625, 238.49000549316406, 794.7766723632812, 266.239990234375], [618.1500244140625, 286.5899963378906, 794.7766723632812, 314.3399963378906], [618.1500244140625, 314.3399963378906, 794.7766723632812, 355.69000244140625], [618.1500244140625, 378.8900146484375, 794.7766723632812, 406.5899963378906], [618.1500244140625, 429.7900085449219, 794.7766723632812, 485.1699981689453]]",pymupdf_find_tables,HIGH,RAW_CONDITION_EXTRACTED_NOT_RUNTIME,
2019,100,四十二、零售业52,"汽车、摩托车、零配件和燃料及其他动
力销售526",526,,/,位于城市建成区的加油站,其他加油站,固定污染源排污许可分类管理名录(2019年版).pdf,18,10,"[46.56, 85.29, 794.78, 485.17]",[],pymupdf_find_tables,HIGH,RAW_CONDITION_EXTRACTED_NOT_RUNTIME,registration_else_condition
2019,101,四十三、水上运输业55,水上运输辅助活动553,553,1000;5532,/,"单个泊位1000 吨级及以上的内河、
单个泊位1 万吨级及以上的沿海专业
化干散货码头（煤炭、矿石）、通用
散货码头",其他货运码头5532,固定污染源排污许可分类管理名录(2019年版).pdf,18,12,"[46.56, 85.29, 794.78, 485.17]",[],pymupdf_find_tables,HIGH,RAW_CONDITION_EXTRACTED_NOT_RUNTIME,registration_else_condition
2019,102,四十四、装卸搬运和仓储业59,危险品仓储594,594,10,"总容量10 万立方米及以上的油库（含
油品码头后方配套油库，不含储备油
库）","总容量1 万立方米及以上10 万立方
米以下的油库（含油品码头后方配套
油库，不含储备油库）","其他危险品仓储（含油品码头后方配套
油库，不含储备油库）",固定污染源排污许可分类管理名录(2019年版).pdf,19,2,"[46.56, 85.29, 794.78, 481.27]","[[46.55999946594238, 440.1400146484375, 80.0, 481.27000427246094], [80.0, 85.29000091552734, 264.20001220703125, 106.13999938964844], [80.0, 129.33999633789062, 264.20001220703125, 181.99000549316406], [80.0, 205.19000244140625, 264.20001220703125, 268.2900085449219], [80.0, 291.489990234375, 264.20001220703125, 376.239990234375]]",pymupdf_find_tables,HIGH,RAW_CONDITION_EXTRACTED_NOT_RUNTIME,registration_else_condition
2019,103,四十五、生态保护和环境治理业77,环境治理业772,772,,"专业从事危险废物贮存、利用、处理、
处置（含焚烧发电）的，专业从事一
般工业固体废物贮存、处置（含焚烧
发电）的",/,/,固定污染源排污许可分类管理名录(2019年版).pdf,19,4,"[46.56, 85.29, 794.78, 481.27]","[[264.20001220703125, 291.489990234375, 441.25, 376.239990234375], [264.20001220703125, 399.44000244140625, 441.25, 416.94000244140625], [264.20001220703125, 440.1400146484375, 441.25, 481.27000427246094], [441.25, 85.29000091552734, 618.1500244140625, 106.13999938964844], [441.25, 129.33999633789062, 618.1500244140625, 181.99000549316406]]",pymupdf_find_tables,HIGH,RAW_CONDITION_EXTRACTED_NOT_RUNTIME,
2019,104,四十六、公共设施管理业78,环境卫生管理782,782,150;50,"生活垃圾（含餐厨废弃物）、生活污
水处理污泥集中焚烧、填埋","生活垃圾（含餐厨废弃物）、生活污
水处理污泥集中处理（除焚烧、填埋
以外的），日处理能力50 吨及以上
的城镇粪便集中处理，日转运能力
150 吨及以上的垃圾转运站","日处理能力50 吨以下的城镇粪便集中
处理，日转运能力150 吨以下的垃圾转
运站",固定污染源排污许可分类管理名录(2019年版).pdf,19,6,"[46.56, 85.29, 794.78, 481.27]","[[618.1500244140625, 129.33999633789062, 794.7766723632812, 181.99000549316406], [618.1500244140625, 205.19000244140625, 794.7766723632812, 268.2900085449219], [618.1500244140625, 291.489990234375, 794.7766723632812, 376.239990234375], [618.1500244140625, 399.44000244140625, 794.7766723632812, 416.94000244140625], [618.1500244140625, 440.1400146484375, 794.7766723632812, 481.27000427246094]]",pymupdf_find_tables,HIGH,RAW_CONDITION_EXTRACTED_NOT_RUNTIME,
2019,105,四十七、居民服务业80,殡葬服务808,808,,/,火葬场,/,固定污染源排污许可分类管理名录(2019年版).pdf,19,8,"[46.56, 85.29, 794.78, 481.27]",[],pymupdf_find_tables,HIGH,RAW_CONDITION_EXTRACTED_NOT_RUNTIME,
2019,106,四十八、机动车、电子产品和日用品修理业81,汽车、摩托车等修理与维护811,811,5000,/,"营业面积5000 平方米及以上且有涂
装工序的",/,固定污染源排污许可分类管理名录(2019年版).pdf,19,10,"[46.56, 85.29, 794.78, 481.27]",[],pymupdf_find_tables,HIGH,RAW_CONDITION_EXTRACTED_NOT_RUNTIME,
2019,107,四十九、卫生84,医院841，专业公共卫生服务843,841;843,100;500;8411;8412;8413;8414;8415;8416;8431,"床位500 张及以上的（不含专科医院
8415 中的精神病、康复和运动康复医
院以及疗养院8416）","床位100 张及以上的专科医院8415
（精神病、康复和运动康复医院）以
及疗养院8416，床位100 张及以上
500 张以下的综合医院8411、中医医
院8412、中西医结合医院8413、民
族医院8414、专科医院8415（不含
精神病、康复和运动康复医院）","疾病预防控制中心8431，床位100 张以
下的综合医院8411、中医医院8412、
中西医结合医院8413、民族医院8414、
专科医院8415、疗养院8416",固定污染源排污许可分类管理名录(2019年版).pdf,20,2,"[46.56, 85.29, 794.78, 490.12]","[[80.0, 85.29000091552734, 264.20001220703125, 106.13999938964844], [80.0, 123.63999938964844, 264.20001220703125, 216.7899932861328], [80.0, 234.2899932861328, 264.20001220703125, 264.5400085449219], [80.0, 282.0400085449219, 264.20001220703125, 327.6400146484375], [80.0, 327.6400146484375, 264.20001220703125, 385.1400146484375]]",pymupdf_find_tables,HIGH,RAW_CONDITION_EXTRACTED_NOT_RUNTIME,
2019,108,五十、其他行业,除1-107 外的其他行业,107,,"涉及通用工序重点管理的，存在本名
录第七条规定情形之一的",涉及通用工序简化管理的,涉及通用工序登记管理的,固定污染源排污许可分类管理名录(2019年版).pdf,20,4,"[46.56, 85.29, 794.78, 490.12]","[[264.20001220703125, 282.0400085449219, 441.25, 327.6400146484375], [264.20001220703125, 327.6400146484375, 441.25, 385.1400146484375], [264.20001220703125, 385.1400146484375, 441.25, 450.3399963378906], [264.20001220703125, 450.3399963378906, 441.25, 490.1199951171875], [441.25, 85.29000091552734, 618.1500244140625, 106.13999938964844]]",pymupdf_find_tables,HIGH,RAW_CONDITION_EXTRACTED_NOT_RUNTIME,references_general_process_109_112
2019,109,五十一、通用工序,锅炉,,14;20,纳入重点排污单位名录的,"除纳入重点排污单位名录的，单台或
者合计出力20 吨/小时（14 兆瓦）及
以上的锅炉（不含电热锅炉）","除纳入重点排污单位名录的，单台且合
计出力20 吨/小时（14 兆瓦）以下的锅
炉（不含电热锅炉）",固定污染源排污许可分类管理名录(2019年版).pdf,20,6,"[46.56, 85.29, 794.78, 490.12]","[[441.25, 450.3399963378906, 618.1500244140625, 490.1199951171875], [618.1500244140625, 85.29000091552734, 794.7766723632812, 106.13999938964844], [618.1500244140625, 123.63999938964844, 794.7766723632812, 216.7899932861328], [618.1500244140625, 234.2899932861328, 794.7766723632812, 264.5400085449219], [618.1500244140625, 282.0400085449219, 794.7766723632812, 327.6400146484375]]",pymupdf_find_tables,HIGH,RAW_CONDITION_EXTRACTED_NOT_RUNTIME,references_dynamic_key_pollutant_unit_list
2019,110,五十一、通用工序,工业炉窑,,,纳入重点排污单位名录的,"除纳入重点排污单位名录的，除以
天然气或者电为能源的加热炉、热
处理炉、干燥炉（窑）以外的其他
工业炉窑","除纳入重点排污单位名录的，以天然气
或者电为能源的加热炉、热处理炉或者
干燥炉（窑）",固定污染源排污许可分类管理名录(2019年版).pdf,20,7,"[46.56, 85.29, 794.78, 490.12]",[],pymupdf_find_tables,HIGH,RAW_CONDITION_EXTRACTED_NOT_RUNTIME,references_dynamic_key_pollutant_unit_list
2019,111,五十一、通用工序,表面处理,,10,纳入重点排污单位名录的,"除纳入重点排污单位名录的，有电镀
工序、酸洗、抛光（电解抛光和化学
抛光）、热浸镀（溶剂法）、淬火或
者钝化等工序的、年使用10 吨及以
上有机溶剂的",其他,固定污染源排污许可分类管理名录(2019年版).pdf,20,8,"[46.56, 85.29, 794.78, 490.12]",[],pymupdf_find_tables,HIGH,RAW_CONDITION_EXTRACTED_NOT_RUNTIME,references_dynamic_key_pollutant_unit_list;registration_else_condition
2019,112,五十一、通用工序,水处理,,500,纳入重点排污单位名录的,"除纳入重点排污单位名录的，日处理
能力2 万吨及以上的水处理设施","除纳入重点排污单位名录的，日处理
能力 500 吨及以上 2 万吨以下的水处
理设施",固定污染源排污许可分类管理名录(2019年版).pdf,20,9,"[46.56, 85.29, 794.78, 490.12]",[],pymupdf_find_tables,HIGH,RAW_CONDITION_EXTRACTED_NOT_RUNTIME,references_dynamic_key_pollutant_unit_list
